USGS,2009,2010,2011,2012,2014,2015,2016,2017,2019,2020,2021,2022,2023,2024,Encounter History,Sex
139318601,1,1,1,1,1,0,0,0,0,0,0,0,0,0,11111000000000,F
139318602,1,0,0,0,0,0,0,0,0,0,0,0,0,0,10000000000000,F
139318603,1,1,1,1,1,0,0,0,0,0,0,0,0,0,11111000000000,F
139318604,1,0,0,0,0,0,0,0,0,0,0,0,0,0,10000000000000,F
139318605,1,0,0,0,0,0,0,0,0,0,0,0,0,0,10000000000000,F
139318606,1,1,0,0,0,0,0,0,0,0,0,0,0,0,11000000000000,M
139318607,1,0,0,0,0,0,0,0,0,0,0,0,0,0,10000000000000,F
139318608,1,0,0,0,0,0,0,0,0,0,0,0,0,0,10000000000000,F
139318609,1,0,0,0,0,0,0,0,0,0,0,0,0,0,10000000000000,F
139318610,1,1,1,1,1,1,1,0,1,1,1,1,0,0,11111110111100,F
139318611,1,1,1,1,0,0,0,0,0,0,0,0,0,0,11110000000000,M
139318612,1,1,1,1,0,1,1,0,0,0,0,0,0,0,11110110000000,F
139318613,1,1,1,1,0,0,0,0,0,0,0,0,0,0,11110000000000,M
163302801,1,1,0,0,0,0,0,0,0,0,0,0,0,0,11000000000000,F
163302802,1,0,0,0,0,0,0,0,0,0,0,0,0,0,10000000000000,F
139318614,1,1,1,1,1,1,0,0,0,0,0,0,0,0,11111100000000,F
139318615,1,1,1,1,0,0,0,0,0,0,0,0,0,0,11110000000000,M
139318616,1,1,1,1,0,0,0,0,0,0,0,0,0,0,11110000000000,M
163302803,1,1,1,1,0,0,0,0,0,0,0,0,0,0,11110000000000,F
163302804,1,0,0,0,0,0,0,0,0,0,0,0,0,0,10000000000000,M
139318617,1,1,1,1,0,0,0,0,0,0,0,0,0,0,11110000000000,M
163302805,1,1,1,1,0,0,0,0,0,0,0,0,0,0,11110000000000,M
139318618,1,0,0,0,0,0,0,0,0,0,0,0,0,0,10000000000000,F
139318619,1,1,0,0,0,0,0,0,0,0,0,0,0,0,11000000000000,F
139318620,1,1,1,0,0,0,0,0,0,0,0,0,0,0,11100000000000,F
139318621,1,0,0,0,0,0,0,0,0,0,0,0,0,0,10000000000000,M
139318622,1,1,1,1,0,0,0,0,0,0,0,0,0,0,11110000000000,M
139318623,1,1,1,1,1,1,0,0,0,0,0,0,0,0,11111100000000,M
139318624,1,0,0,0,0,0,0,0,0,0,0,0,0,0,10000000000000,M
163302806,1,1,1,1,1,1,0,0,0,0,0,0,0,0,11111100000000,M
163302807,1,1,1,1,1,0,0,1,0,0,0,0,0,0,11111001000000,M
163302808,1,0,0,0,0,0,0,0,0,0,0,0,0,0,10000000000000,M
139318625,1,1,1,1,0,1,0,0,0,0,0,0,0,0,11110100000000,F
163302809,1,0,1,1,1,1,1,1,1,1,0,0,0,0,10111111110000,M
139318626,1,0,0,0,0,0,1,0,0,0,0,0,0,0,10000010000000,M
139318627,1,0,1,1,0,0,0,0,0,0,0,0,0,0,10110000000000,M
163302810,1,0,0,0,0,0,0,0,0,0,0,0,0,0,10000000000000,M
139318628,1,1,1,1,0,0,0,0,0,0,0,0,0,0,11110000000000,F
139318635,1,1,1,1,1,0,0,0,0,0,0,0,0,0,11111000000000,F
163302822,0,0,0,1,0,1,1,0,1,0,0,0,0,0,00010110100000,F
139318637,0,0,0,0,1,0,0,0,0,0,0,0,0,0,00001000000000,M
139318667,1,1,1,1,1,1,0,0,0,0,0,0,0,0,11111100000000,M
163302825,1,0,0,0,0,0,0,0,0,0,0,0,0,0,10000000000000,M
163302826,0,1,1,1,0,0,0,0,0,0,0,0,0,0,01110000000000,F
163302827,0,1,1,1,0,0,0,0,0,0,0,0,0,0,01110000000000,F
163302828,0,1,1,1,1,1,1,0,1,1,1,1,0,0,01111110111100,M
163302899,0,1,1,1,1,1,1,0,0,0,0,0,0,0,01111110000000,M
163302830,0,1,0,0,0,0,0,0,0,0,0,0,0,0,01000000000000,M
163302829,0,1,1,0,0,0,0,0,0,0,0,0,0,0,01100000000000,F
163302831,0,1,1,1,1,0,0,0,0,0,0,0,0,0,01111000000000,F
163302832,0,1,1,1,1,1,1,0,1,1,1,1,1,0,01111110111110,F
163302833,0,1,0,0,0,0,0,0,0,0,0,0,0,0,01000000000000,M
163302834,0,1,0,0,0,0,0,0,0,0,0,0,0,0,01000000000000,F
163302835,0,1,0,1,1,0,0,0,0,0,0,0,0,0,01011000000000,F
163302848,0,1,0,0,0,0,0,0,0,0,0,0,0,0,01000000000000,F
163302839,0,1,1,0,1,1,1,1,0,0,0,0,0,0,01101111000000,M
163302882,0,1,1,0,0,0,0,0,0,0,0,0,0,0,01100000000000,F
163302852,0,1,1,1,0,0,0,0,0,0,0,0,0,0,01110000000000,M
163302894,0,1,1,1,1,1,0,0,0,0,0,0,0,0,01111100000000,M
163302947,0,0,1,1,0,0,0,0,0,0,0,0,0,0,00110000000000,F
163302948,0,0,1,1,1,0,0,0,0,0,0,0,0,0,00111000000000,M
163302866,0,0,1,1,0,0,0,0,0,0,0,0,0,0,00110000000000,F
163302949,0,0,1,1,0,0,0,0,0,0,0,0,0,0,00110000000000,M
163302867,0,0,1,1,0,0,0,0,0,0,0,0,0,0,00110000000000,M
163302908,0,0,1,1,0,0,0,0,0,0,0,0,0,0,00110000000000,M
163302940,0,0,1,0,0,0,0,0,0,0,0,0,0,0,00100000000000,F
163302950,0,0,1,1,0,0,0,0,0,0,0,0,0,0,00110000000000,M
163302937,0,0,1,0,0,0,0,0,0,0,0,0,0,0,00100000000000,M
163302951,0,0,1,0,0,0,0,0,0,0,0,0,0,0,00100000000000,F
163302999,0,0,1,1,1,0,0,0,1,0,0,0,0,0,00111000100000,F
163302952,0,0,1,1,0,1,1,1,1,1,0,0,0,0,00110111110000,M
163302921,0,0,1,0,0,0,0,0,0,0,0,0,0,0,00100000000000,M
163302953,0,0,1,0,0,0,0,0,0,0,0,0,0,0,00100000000000,F
163302954,0,0,1,0,1,1,1,1,0,0,0,0,0,0,00101111000000,M
163302955,0,0,1,1,0,0,0,0,0,0,0,0,0,0,00110000000000,F
163302966,0,0,1,1,0,0,0,0,0,0,0,0,0,0,00110000000000,M
163302978,0,0,1,0,0,0,0,0,0,0,0,0,0,0,00100000000000,F
163302964,0,0,0,0,1,1,1,0,1,1,1,0,0,0,00001110111000,M
122334401,0,0,0,1,0,0,0,0,0,0,0,0,0,0,00010000000000,F
122334450,0,0,0,1,1,0,0,0,0,0,0,0,0,0,00011000000000,M
122334451,0,0,0,1,1,1,1,0,1,1,0,0,0,0,00011110110000,M
122334402,0,0,0,1,1,1,1,0,1,0,0,0,0,0,00011110100000,F
122334403,0,0,0,1,1,0,0,0,0,0,0,0,0,0,00011000000000,F
122334452,0,0,0,1,1,0,0,0,0,0,0,0,0,0,00011000000000,M
122334404,0,0,0,1,0,0,0,0,0,0,0,0,0,0,00010000000000,F
122334453,0,0,0,1,1,0,0,0,0,0,0,0,0,0,00011000000000,F
122334454,0,0,0,1,0,0,0,0,0,0,0,0,0,0,00010000000000,F
122334455,0,0,0,1,0,0,0,0,0,0,0,0,0,0,00010000000000,M
122334405,0,0,0,1,1,1,0,0,0,0,0,0,0,0,00011100000000,M
122334406,0,0,0,1,1,0,1,0,0,0,0,0,0,0,00011010000000,F
122334456,0,0,0,1,1,0,0,0,0,0,0,0,0,0,00011000000000,F
122334410,0,0,0,0,1,0,0,0,0,0,0,0,0,0,00001000000000,F
122334411,0,0,0,0,1,1,1,0,1,1,0,0,0,0,00001110110000,M
122334413,0,0,0,0,1,1,1,0,0,0,0,0,0,0,00001110000000,F
122334412,0,0,0,0,1,1,1,0,0,0,0,0,0,0,00001110000000,M
122334415,0,0,0,0,1,0,0,0,0,0,0,0,0,0,00001000000000,M
122334414,0,0,0,0,1,1,1,1,1,1,1,1,0,0,00001111111100,M
122334416,0,0,0,0,1,1,1,0,0,0,0,0,0,0,00001110000000,F
122334429,0,0,0,0,1,1,1,1,1,1,1,1,1,0,00001111111110,M
122334437,0,0,0,0,1,1,0,0,0,0,0,0,0,0,00001100000000,F
122334446,0,0,0,0,0,1,1,0,0,0,0,0,0,0,00000110000000,F
122334447,0,0,0,0,0,1,1,1,0,0,0,0,0,0,00000111000000,F
122334448,0,0,0,0,0,1,1,1,1,0,0,0,0,0,00000111100000,F
122334449,0,0,0,0,0,1,1,0,0,0,0,0,0,0,00000110000000,M
181324501,0,0,0,0,0,1,1,1,1,1,0,1,0,0,00000111110100,M
181324502,0,0,0,0,0,1,0,1,0,0,0,0,0,0,00000101000000,F
181324503,0,0,0,0,0,1,1,0,1,1,1,1,0,0,00000110111100,F
181324504,0,0,0,0,0,1,1,1,1,1,1,0,0,0,00000111111000,F
181324505,0,0,0,0,0,1,1,0,0,0,0,0,0,0,00000110000000,F
181324506,0,0,0,0,0,1,0,0,0,0,0,0,0,0,00000100000000,F
122334463,0,0,0,0,0,1,1,1,0,0,0,0,0,0,00000111000000,M
181324507,0,0,0,0,0,1,0,0,0,0,0,0,0,0,00000100000000,M
181324508,0,0,0,0,0,1,1,1,0,0,0,0,0,0,00000111000000,M
181324529,0,0,0,0,0,1,1,0,1,1,0,0,0,0,00000110110000,M
181324542,0,0,0,0,0,0,1,1,0,0,0,0,0,0,00000011000000,M
122334493,0,0,0,0,0,0,1,1,0,0,0,0,0,0,00000011000000,F
188388001,0,0,0,0,0,0,0,0,1,1,1,0,0,0,00000000111000,M
188388002,0,0,0,0,0,0,0,0,1,0,0,0,0,0,00000000100000,F
188388003,0,0,0,0,0,0,0,0,1,1,0,0,0,0,00000000110000,F
188388004,0,0,0,0,0,0,0,0,1,0,0,0,0,0,00000000100000,F
188388007,0,0,0,0,0,0,0,0,1,0,1,1,0,0,00000000101100,M
188388008,0,0,0,0,0,0,0,0,1,1,1,0,0,0,00000000111000,M
188388019,0,0,0,0,0,0,0,0,1,1,0,0,0,0,00000000110000,M
188388020,0,0,0,0,0,0,0,0,1,1,0,0,0,0,00000000110000,F
188388022,0,0,0,0,0,0,0,0,1,1,0,0,0,0,00000000110000,M
188388055,0,0,0,0,0,0,0,0,0,1,1,1,1,0,00000000011110,F
188388056,0,0,0,0,0,0,0,0,0,1,1,1,1,1,00000000011111,F
183388057,0,0,0,0,0,0,0,0,0,1,1,1,1,0,00000000011110,M
183388058,0,0,0,0,0,0,0,0,0,1,0,0,0,0,00000000010000,F
188388059,0,0,0,0,0,0,0,0,0,1,1,1,0,0,00000000011100,F
188388060,0,0,0,0,0,0,0,0,0,1,1,0,0,0,00000000011000,M
188388082,0,0,0,0,0,0,0,0,0,1,0,1,1,1,00000000010111,M
188388087,0,0,0,0,0,0,0,0,0,1,0,0,0,0,00000000010000,M
188388088,0,0,0,0,0,0,0,0,0,0,1,1,0,0,00000000001100,F
188388089,0,0,0,0,0,0,0,0,0,0,1,1,0,0,00000000001100,M
188388090,0,0,0,0,0,0,0,0,0,0,1,1,1,0,00000000001110,F
188388091,0,0,0,0,0,0,0,0,0,0,1,1,0,0,00000000001100,F
188388092,0,0,0,0,0,0,0,0,0,0,1,1,1,1,00000000001111,F
188388093,0,0,0,0,0,0,0,0,0,0,1,1,1,1,00000000001111,M
188388057,0,0,0,0,0,0,0,0,0,0,1,0,1,1,00000000001011,M
188388094,0,0,0,0,0,0,0,0,0,0,1,1,1,1,00000000001111,M
188388095,0,0,0,0,0,0,0,0,0,0,1,0,0,0,00000000001000,F
188388096,0,0,0,0,0,0,0,0,0,0,1,1,1,1,00000000001111,M
188388097,0,0,0,0,0,0,0,0,0,0,1,0,0,0,00000000001000,F
188388110,0,0,0,0,0,0,0,0,0,0,1,1,0,0,00000000001100,F
188388131,0,0,0,0,0,0,0,0,0,0,1,1,1,0,00000000001110,M
188385401,0,0,0,0,0,0,0,0,0,0,0,1,0,0,00000000000100,F
188385402,0,0,0,0,0,0,0,0,0,0,0,1,1,1,00000000000111,F
188385403,0,0,0,0,0,0,0,0,0,0,0,1,1,1,00000000000111,M
188385404,0,0,0,0,0,0,0,0,0,0,0,1,0,0,00000000000100,F
188385405,0,0,0,0,0,0,0,0,0,0,0,1,0,0,00000000000100,F
188385406,0,0,0,0,0,0,0,0,0,0,0,1,1,1,00000000000111,M
188385407,0,0,0,0,0,0,0,0,0,0,0,1,1,0,00000000000110,F
188385408,0,0,0,0,0,0,0,0,0,0,0,1,1,1,00000000000111,M
188385409,0,0,0,0,0,0,0,0,0,0,0,1,1,0,00000000000110,M
188385410,0,0,0,0,0,0,0,0,0,0,0,1,0,1,00000000000101,M
188385411,0,0,0,0,0,0,0,0,0,0,0,1,1,1,00000000000111,M
188385412,0,0,0,0,0,0,0,0,0,0,0,1,1,1,00000000000111,M
188385413,0,0,0,0,0,0,0,0,0,0,0,1,1,1,00000000000111,M
188388086,0,0,0,0,0,0,0,0,0,0,0,0,1,1,00000000000011,M
188388142,0,0,0,0,0,0,0,0,0,0,0,1,1,1,00000000000111,F
188388143,0,0,0,0,0,0,0,0,0,0,0,1,1,1,00000000000111,M
188385440,0,0,0,0,0,0,0,0,0,0,0,1,1,1,00000000000111,F
188385414,0,0,0,0,0,0,0,0,0,0,0,1,0,0,00000000000100,M
188388140,0,0,0,0,0,0,0,0,0,0,0,1,0,0,00000000000100,F
188385451,0,0,0,0,0,0,0,0,0,0,0,0,1,0,00000000000010,F
188385454,0,0,0,0,0,0,0,0,0,0,0,0,1,1,00000000000011,F
188385455,0,0,0,0,0,0,0,0,0,0,0,0,1,1,00000000000011,M
188385456,0,0,0,0,0,0,0,0,0,0,0,0,1,1,00000000000011,F
188385457,0,0,0,0,0,0,0,0,0,0,0,0,1,1,00000000000011,M
188385458,0,0,0,0,0,0,0,0,0,0,0,0,1,1,00000000000011,F
188385459,0,0,0,0,0,0,0,0,0,0,0,0,1,1,00000000000011,F
188385460,0,0,0,0,0,0,0,0,0,0,0,0,1,0,00000000000010,M
188385466,0,0,0,0,0,0,0,0,0,0,0,0,1,0,00000000000010,F
188385470,0,0,0,0,0,0,0,0,0,0,0,0,1,0,00000000000010,F
188388177,0,0,0,0,0,0,0,0,0,0,0,0,1,1,00000000000011,M
188388181,0,0,0,0,0,0,0,0,0,0,0,0,1,0,00000000000010,F
188385486,0,0,0,0,0,0,0,0,0,0,0,0,1,0,00000000000010,F
188385487,0,0,0,0,0,0,0,0,0,0,0,0,1,1,00000000000011,M
188388190,0,0,0,0,0,0,0,0,0,0,0,0,1,1,00000000000011,F
188385461,0,0,0,0,0,0,0,0,0,0,0,0,1,1,00000000000011,M
188388072,0,0,0,0,0,0,0,0,0,0,0,0,1,1,00000000000011,M
